Region/Country,Second Tier Authority,Local Authority,Local Authority Code,Calendar Year,LULUCF Net Emissions,Industry Total,Commercial Total,Public Sector Total,Domestic Total,Transport Total,Agriculture Total,Waste Management Total,Grand Total
West Midlands,Birmingham,Birmingham,E08000025,2005,13.87354277,1216.162658,1170.441473,558.7051697,2359.376951,1670.971299,15.12853867,54.67474104,7059.334372
West Midlands,Birmingham,Birmingham,E08000025,2006,13.85588633,1199.131422,1168.499559,519.5022817,2365.574895,1610.744841,15.76234296,59.04080574,6952.112034
West Midlands,Birmingham,Birmingham,E08000025,2007,13.47720936,1176.697923,1111.410745,492.8057502,2283.42429,1621.32779,15.05598183,86.32263257,6800.522322
West Midlands,Birmingham,Birmingham,E08000025,2008,12.99856728,1175.523168,1143.259246,489.4382363,2284.490311,1545.527971,14.78499886,78.65514071,6744.67764
West Midlands,Birmingham,Birmingham,E08000025,2009,12.15183718,937.9448891,945.3638046,423.1875113,2062.886425,1497.902337,13.50800424,206.7922471,6099.737055
West Midlands,Birmingham,Birmingham,E08000025,2010,11.97723165,984.999069,983.2427581,450.9584025,2196.524194,1465.822033,13.51773404,305.7628618,6412.804284
West Midlands,Birmingham,Birmingham,E08000025,2011,11.4529284,886.4433526,896.8637236,398.4814041,1935.712107,1452.540759,12.77989764,211.633241,5805.907414
West Midlands,Birmingham,Birmingham,E08000025,2012,11.18648496,932.4445329,962.6818837,442.7992469,2070.486038,1440.800936,13.45227636,220.9965592,6094.847957
West Midlands,Birmingham,Birmingham,E08000025,2013,10.3071264,919.2434243,913.3339488,431.1466556,2011.967306,1405.826636,12.89911884,223.9253232,5928.649539
West Midlands,Birmingham,Birmingham,E08000025,2014,9.886436218,802.0035599,753.7611807,355.4326952,1698.68067,1438.318825,13.0449612,212.4006538,5283.528982
West Midlands,Birmingham,Birmingham,E08000025,2015,9.328915861,777.3936356,678.4850058,347.6041698,1661.089675,1443.294001,12.89949113,257.7172178,5187.812112
West Midlands,Birmingham,Birmingham,E08000025,2016,9.25469789,705.5757488,616.5401036,309.415156,1566.411748,1439.53694,12.19733615,360.0591247,5018.990855
West Midlands,Birmingham,Birmingham,E08000025,2017,8.913404166,845.2330893,460.814932,322.75548,1488.959666,1413.920731,13.20529133,399.1781723,4952.980766
West Midlands,Birmingham,Birmingham,E08000025,2018,8.856661717,840.6514155,318.3950953,355.3543042,1456.070181,1394.638897,13.86403675,306.4665912,4694.297182
West Midlands,Birmingham,Birmingham,E08000025,2019,8.511527472,798.0463171,266.6431122,337.7658398,1412.19047,1365.983044,13.79951393,297.4384695,4500.378294
West Midlands,Birmingham,Birmingham,E08000025,2020,8.612650269,840.0559656,210.213377,322.2189501,1381.514408,1119.81685,13.46579318,281.2883841,4177.186378
West Midlands,Birmingham,Birmingham,E08000025,2021,8.310801853,976.4327397,252.6853373,356.2616397,1446.102675,1174.232997,12.86927638,253.7586164,4480.654084
West Midlands,Coventry,Coventry,E08000026,2005,4.719331175,432.4699522,382.1513952,208.1930205,718.877816,500.4898883,10.933312,27.42245632,2285.257172
West Midlands,Coventry,Coventry,E08000026,2006,4.555723805,425.4502542,387.8685034,187.8368573,713.9695558,485.0247062,10.83738717,28.91665468,2244.459643
West Midlands,Coventry,Coventry,E08000026,2007,4.233354359,393.6531028,341.5873702,167.9658406,684.6160038,484.9100695,9.753984179,22.78131545,2109.501041
West Midlands,Coventry,Coventry,E08000026,2008,3.836785634,358.2149212,331.1576572,155.8603546,681.0905028,463.6923579,9.856617794,24.34420712,2028.053404
West Midlands,Coventry,Coventry,E08000026,2009,3.536973758,304.4156182,270.794998,125.10499,613.3748754,442.7507004,9.437377099,65.74697336,1835.162506
West Midlands,Coventry,Coventry,E08000026,2010,3.371904801,334.9265626,288.0074457,138.8553197,656.6630237,441.0342232,9.406284412,90.34681443,1962.611578
West Midlands,Coventry,Coventry,E08000026,2011,2.930775238,297.3904079,249.4084352,123.2229718,578.841639,433.5123943,9.154762904,71.54070925,1766.002096
West Midlands,Coventry,Coventry,E08000026,2012,2.728250576,321.3611431,289.3528025,137.0111507,619.9741128,429.0139731,9.228564667,72.58490269,1881.2549
West Midlands,Coventry,Coventry,E08000026,2013,2.569580521,305.6860219,273.8551629,135.5640727,600.1770915,418.2481328,8.955680405,70.70107841,1815.756821
West Midlands,Coventry,Coventry,E08000026,2014,2.422792201,289.3977602,234.8126922,121.2451673,508.5555547,433.934396,9.040637108,65.2628717,1664.671871
West Midlands,Coventry,Coventry,E08000026,2015,2.137509186,281.3760819,210.8729223,116.6115553,502.6324169,439.099363,9.125433651,85.7159512,1647.571233
West Midlands,Coventry,Coventry,E08000026,2016,2.276111081,253.7037223,190.2510345,103.5620155,471.8385941,447.2589016,9.089459725,96.35781685,1574.337656
West Midlands,Coventry,Coventry,E08000026,2017,2.081185001,270.6384378,142.0001468,104.9346283,448.8038258,440.8378848,8.97095476,130.679296,1548.946359
West Midlands,Coventry,Coventry,E08000026,2018,2.310883427,282.7140064,98.58367757,117.0529352,438.1276142,421.4238291,9.173117043,127.2818634,1496.667926
West Midlands,Coventry,Coventry,E08000026,2019,2.2742387,247.1620784,88.03074922,106.158143,422.6656069,413.8912357,7.756498331,140.7631762,1428.701726
West Midlands,Coventry,Coventry,E08000026,2020,2.355119559,207.8021578,70.65744245,102.1704534,414.2406003,335.8766137,7.354061616,139.8557162,1280.312165
West Midlands,Coventry,Coventry,E08000026,2021,2.333944774,216.5899727,78.24304223,129.3352949,431.9224895,368.8459041,9.272622626,107.4570785,1344.000349
West Midlands,Dudley,Dudley,E08000027,2005,4.788515684,326.4434636,238.9987649,106.0403484,752.8370118,494.2769558,5.455507937,54.74977971,1983.590348
West Midlands,Dudley,Dudley,E08000027,2006,4.674137488,327.1373689,245.9567533,101.5048704,757.3891387,476.7889049,4.522567658,54.18095836,1972.1547
West Midlands,Dudley,Dudley,E08000027,2007,4.522050988,310.4268056,225.7426037,93.17684852,726.4593075,476.2494529,4.181424497,47.74714067,1888.505634
West Midlands,Dudley,Dudley,E08000027,2008,4.330438299,288.2875007,222.9380003,89.37021419,722.4953713,456.1847757,4.867439088,29.87222809,1818.345968
West Midlands,Dudley,Dudley,E08000027,2009,4.09693867,239.5723174,182.1191603,75.04529339,652.8569159,439.8781577,4.469068286,59.7254827,1657.763334
West Midlands,Dudley,Dudley,E08000027,2010,4.054987125,265.0099372,202.2658322,84.19748132,698.4911252,420.4104253,5.280192504,98.9558478,1778.665829
West Midlands,Dudley,Dudley,E08000027,2011,3.766305371,241.3629206,186.8731293,75.13577506,611.6584703,419.0032767,4.884005436,60.3447914,1603.028674
West Midlands,Dudley,Dudley,E08000027,2012,3.619587541,245.0612665,193.0973484,76.47414252,656.5583349,412.2693102,4.882959153,53.9524115,1645.915361
West Midlands,Dudley,Dudley,E08000027,2013,3.399075083,231.4577203,180.7644042,74.91554146,639.723703,409.0908256,5.017333631,75.32708095,1619.695684
West Midlands,Dudley,Dudley,E08000027,2014,3.249259718,202.5010143,148.2245057,61.80440583,541.5929233,418.3027219,4.426935939,72.41383353,1452.5156
West Midlands,Dudley,Dudley,E08000027,2015,3.029875077,194.6196263,136.2388333,59.38858443,527.2161319,422.0785418,4.520001495,65.38631876,1412.477913
West Midlands,Dudley,Dudley,E08000027,2016,3.142821637,180.4763748,114.1842195,52.03338799,496.909072,418.524928,4.603798005,86.26648138,1356.141083
West Midlands,Dudley,Dudley,E08000027,2017,3.143940563,191.4535859,94.26561106,53.9921734,473.7732353,413.5322304,4.887216667,112.0724246,1347.120418
West Midlands,Dudley,Dudley,E08000027,2018,3.388527027,210.2832763,58.87293459,56.32425848,458.9667751,402.1901539,4.721962355,100.4656619,1295.21355
West Midlands,Dudley,Dudley,E08000027,2019,3.30291867,186.9595756,53.39297959,52.01792407,444.7838246,388.9404413,4.420792829,84.06674104,1217.885198
West Midlands,Dudley,Dudley,E08000027,2020,3.230583523,162.5193655,40.59340236,45.64954265,433.9542293,318.424129,4.260990786,71.12441281,1079.756656
West Midlands,Dudley,Dudley,E08000027,2021,3.212043138,197.2494511,46.51943367,51.53730662,444.3601883,345.7892758,4.199343527,70.16610713,1163.033149
West Midlands,"Herefordshire, County of","Herefordshire, County of",E06000019,2005,-141.2774787,375.2755962,137.9590319,48.42534565,489.2249793,463.8815338,666.8269351,51.3685308,2091.684474
West Midlands,"Herefordshire, County of","Herefordshire, County of",E06000019,2006,-142.445564,373.0429461,148.2025902,47.32982688,493.3999067,455.5894177,665.1587398,49.92991757,2090.207781
West Midlands,"Herefordshire, County of","Herefordshire, County of",E06000019,2007,-149.5308769,362.0595967,144.4498568,46.03175229,473.7778874,465.757451,643.4859086,52.82164821,2038.853224
West Midlands,"Herefordshire, County of","Herefordshire, County of",E06000019,2008,-158.1330554,347.0226565,143.0869789,43.74254874,473.7363911,444.4623767,646.0524403,36.01629721,1975.986634
West Midlands,"Herefordshire, County of","Herefordshire, County of",E06000019,2009,-157.1777218,316.2366663,125.7623912,38.59369581,439.0235994,431.2621144,628.7772169,50.0221871,1872.500149
West Midlands,"Herefordshire, County of","Herefordshire, County of",E06000019,2010,-157.5947533,361.1837273,128.1626837,40.27908947,474.3837134,429.9837801,631.9409438,86.14513175,1994.484316
West Midlands,"Herefordshire, County of","Herefordshire, County of",E06000019,2011,-161.2508443,318.5365747,124.2272507,38.28586695,405.8654524,418.8755222,619.0951627,85.80363373,1849.438619
West Midlands,"Herefordshire, County of","Herefordshire, County of",E06000019,2012,-153.0438918,321.8346409,125.4993474,38.81318348,430.3414612,413.7128439,633.1245694,82.04961306,1892.331768
West Midlands,"Herefordshire, County of","Herefordshire, County of",E06000019,2013,-160.9919917,333.346009,120.1159796,37.79118842,418.4877376,409.5135131,609.8935409,79.40434005,1847.560317
West Midlands,"Herefordshire, County of","Herefordshire, County of",E06000019,2014,-159.3552695,315.9695444,105.5286165,33.24419783,358.9741997,419.5222468,618.516896,85.18674891,1777.587181
West Midlands,"Herefordshire, County of","Herefordshire, County of",E06000019,2015,-162.7033001,285.7623635,93.70683604,28.73324364,344.0311782,427.2407226,611.641476,68.05228673,1696.464807
West Midlands,"Herefordshire, County of","Herefordshire, County of",E06000019,2016,-151.9994886,263.5499156,87.09756709,24.53064203,324.3005061,439.3210217,593.4186706,80.47212612,1660.690961
West Midlands,"Herefordshire, County of","Herefordshire, County of",E06000019,2017,-157.661768,262.0546214,63.91171592,26.18878456,305.5767564,445.4808636,615.4909478,57.04285221,1618.084774
West Midlands,"Herefordshire, County of","Herefordshire, County of",E06000019,2018,-156.7085689,271.3715579,41.37361401,28.91101144,302.539846,437.2515818,618.4198494,55.48110423,1598.639996
West Midlands,"Herefordshire, County of","Herefordshire, County of",E06000019,2019,-159.3114986,238.5368001,36.87664641,25.37773698,289.2027716,419.5473621,610.0088544,66.89393672,1527.13261
West Midlands,"Herefordshire, County of","Herefordshire, County of",E06000019,2020,-160.7084842,215.2865973,28.81343996,20.95983839,281.6332835,342.36822,578.4370436,57.8361254,1364.626064
West Midlands,"Herefordshire, County of","Herefordshire, County of",E06000019,2021,-159.5092727,228.6132625,35.96222776,26.9594017,290.3695602,388.4239454,594.1732388,67.87343532,1472.865799
West Midlands,Sandwell,Sandwell,E08000028,2005,5.014473526,571.8902699,353.6670846,81.10988509,665.8116738,580.6778094,1.881760439,29.61124173,2289.664199
West Midlands,Sandwell,Sandwell,E08000028,2006,5.020528852,582.9929857,370.4439781,81.30042569,673.6528954,565.2948934,1.851326945,30.73136058,2311.288395
West Midlands,Sandwell,Sandwell,E08000028,2007,4.916017747,571.2141408,354.9661602,78.21413718,650.7038257,561.9079773,1.67302083,47.81486462,2271.410144
West Midlands,Sandwell,Sandwell,E08000028,2008,4.693994446,510.4071234,335.0694735,71.28760799,651.2496236,535.9062136,1.860974532,39.13444486,2149.609456
West Midlands,Sandwell,Sandwell,E08000028,2009,4.429411561,410.8179961,266.0901277,56.29851599,592.4569665,517.7560896,2.014478732,65.82039823,1915.683984
West Midlands,Sandwell,Sandwell,E08000028,2010,4.346084639,452.1928145,290.9658413,61.79391963,632.8293607,507.2728382,1.755132554,84.83929202,2035.995284
West Midlands,Sandwell,Sandwell,E08000028,2011,4.223030352,413.4614444,271.1626156,56.41980526,558.5254598,506.5465249,1.68783747,50.64332255,1862.67004
West Midlands,Sandwell,Sandwell,E08000028,2012,4.08693685,430.3618311,286.2997795,59.54190926,596.8884468,509.3735523,1.564222314,53.97322188,1942.0899
West Midlands,Sandwell,Sandwell,E08000028,2013,3.808275967,425.4405472,277.9043878,60.54075267,581.4298765,502.586416,1.49950494,63.87996432,1917.089725
West Midlands,Sandwell,Sandwell,E08000028,2014,3.733246319,375.3558131,234.7321159,51.00290571,494.0867009,523.5248006,1.360070395,64.87190545,1748.667558
West Midlands,Sandwell,Sandwell,E08000028,2015,3.474414526,368.3052457,214.9082202,49.81600444,482.9873258,521.003259,1.393900853,143.7635871,1785.651958
West Midlands,Sandwell,Sandwell,E08000028,2016,3.498294402,302.5889594,182.5774919,39.87469816,455.3961122,525.1856281,1.395371503,67.37850768,1577.895063
West Midlands,Sandwell,Sandwell,E08000028,2017,3.342037501,320.4988286,149.4988531,44.83532726,436.8699696,546.0445722,1.567125166,84.92042532,1587.577139
West Midlands,Sandwell,Sandwell,E08000028,2018,3.474403106,343.7428306,93.48683902,51.26510061,425.6057762,538.9273172,1.467668975,76.26320662,1534.233142
West Midlands,Sandwell,Sandwell,E08000028,2019,3.555989193,308.3080116,86.38589338,47.06933191,413.2945794,524.4311917,1.169389216,69.37758019,1453.591967
West Midlands,Sandwell,Sandwell,E08000028,2020,3.437019547,287.5014665,67.69451911,41.71230268,404.2013994,447.0883083,1.396398231,62.07448859,1315.105902
West Midlands,Sandwell,Sandwell,E08000028,2021,3.383769375,321.1165794,70.47898021,49.26863046,421.5312127,471.4218084,1.346114969,62.5415886,1401.088684
West Midlands,Shropshire,Shropshire,E06000051,2005,-50.16868343,455.0670952,283.9033571,114.6783417,793.0895428,777.3720315,1208.306381,205.7910914,3788.039158
West Midlands,Shropshire,Shropshire,E06000051,2006,-52.38866068,445.1055838,298.1806148,107.3313033,807.1927559,776.8789806,1195.926323,194.5846598,3772.81156
West Midlands,Shropshire,Shropshire,E06000051,2007,-62.94430144,465.0845526,339.3185923,111.4563998,776.3295141,780.0076536,1180.990093,111.5117703,3701.754274
West Midlands,Shropshire,Shropshire,E06000051,2008,-74.26875256,390.1981765,282.7600379,99.0059811,773.5867866,759.4631587,1167.821129,206.8032454,3605.369762
West Midlands,Shropshire,Shropshire,E06000051,2009,-74.57172943,356.8327881,248.4991558,87.46046275,716.454997,737.5522801,1151.208321,106.7007089,3330.136985
West Midlands,Shropshire,Shropshire,E06000051,2010,-75.26200587,388.3352273,260.9831723,96.01544279,775.7410122,733.5156876,1158.629914,199.8042758,3537.762726
West Midlands,Shropshire,Shropshire,E06000051,2011,-80.06552856,346.1801002,240.6132868,86.55115953,667.9231905,718.4999595,1133.543236,164.1809979,3277.426402
West Midlands,Shropshire,Shropshire,E06000051,2012,-68.76560635,352.9292901,256.5813548,93.25599456,710.2163622,714.6461902,1142.146935,178.2461817,3379.256702
West Midlands,Shropshire,Shropshire,E06000051,2013,-78.62655555,346.7456953,240.0302465,91.17982723,689.9052752,716.6037493,1124.742797,166.8202956,3297.401331
West Midlands,Shropshire,Shropshire,E06000051,2014,-79.00674761,330.6413225,211.4322081,80.09242421,593.1403167,727.164953,1155.769071,109.9715971,3129.205145
West Midlands,Shropshire,Shropshire,E06000051,2015,-83.82391822,309.9148818,189.1118381,76.19412473,571.6675131,746.5642439,1161.219505,122.0142985,3092.862487
West Midlands,Shropshire,Shropshire,E06000051,2016,-71.33075122,274.1170565,162.9732744,70.00536817,541.412246,777.0598306,1130.087844,145.2626376,3029.587506
West Midlands,Shropshire,Shropshire,E06000051,2017,-78.77906264,271.2476725,129.3073999,73.5103529,512.3816077,793.1664417,1155.030697,125.036475,2980.901584
West Midlands,Shropshire,Shropshire,E06000051,2018,-80.2385087,303.2830383,76.6181253,83.62056222,509.4590236,794.4212602,1174.996363,124.2098435,2986.369707
West Midlands,Shropshire,Shropshire,E06000051,2019,-83.85963162,264.4184372,56.8940418,82.14354457,488.6246489,777.8730769,1170.445495,125.8266312,2882.366244
West Midlands,Shropshire,Shropshire,E06000051,2020,-85.67951184,252.128934,46.97067862,78.74733373,475.7605953,632.2933654,1137.419324,107.4350864,2645.075805
West Midlands,Shropshire,Shropshire,E06000051,2021,-84.76078316,272.2163617,51.79235934,83.99024403,490.1154549,715.9185917,1138.457053,105.6413035,2773.370585
West Midlands,Solihull,Solihull,E08000029,2005,-0.924857172,187.7052187,297.5854878,46.06021474,542.4101845,618.5930293,33.1958719,11.17845777,1735.803608
West Midlands,Solihull,Solihull,E08000029,2006,-1.340690063,207.9217515,349.498396,51.12502341,552.7526573,594.8964024,34.23356606,12.54352596,1801.630633
West Midlands,Solihull,Solihull,E08000029,2007,-1.743405745,194.4797097,327.637803,47.95367946,530.4963315,613.8128982,31.92503161,13.13977201,1757.70182
West Midlands,Solihull,Solihull,E08000029,2008,-2.232537771,168.1376358,290.6664204,41.16632231,530.1668559,595.7363376,31.66287815,12.54578085,1667.849693
West Midlands,Solihull,Solihull,E08000029,2009,-2.596439762,155.5786747,258.2886405,36.04106516,479.4661404,568.7082296,30.88122127,39.09046008,1565.457992
West Midlands,Solihull,Solihull,E08000029,2010,-2.825527852,168.4988067,305.5690077,43.49079397,511.355936,570.2717274,31.77269667,55.06584072,1683.199281
West Midlands,Solihull,Solihull,E08000029,2011,-3.147218531,167.4475832,293.3225592,41.55144288,449.8905369,575.4456185,31.43584721,32.45272757,1588.399097
West Midlands,Solihull,Solihull,E08000029,2012,-3.042841998,173.1695163,334.5481617,47.35286617,482.2544052,569.4290423,31.7138066,32.34344088,1667.768397
West Midlands,Solihull,Solihull,E08000029,2013,-3.661531702,163.4547563,320.5569674,45.44661897,469.6000629,562.6644609,30.68210514,38.74795679,1627.491397
West Midlands,Solihull,Solihull,E08000029,2014,-3.714462462,151.9907005,266.4506355,37.77215483,395.5092378,582.4766225,30.90129728,31.08687236,1492.473058
West Midlands,Solihull,Solihull,E08000029,2015,-4.157575065,153.6136969,276.4401033,39.58867828,386.4480129,605.6757077,29.91652286,30.76887344,1518.29402
West Midlands,Solihull,Solihull,E08000029,2016,-3.877046896,137.1791554,242.6789869,35.1088085,364.6557968,623.5353574,29.47142223,46.57367738,1475.326158
West Midlands,Solihull,Solihull,E08000029,2017,-4.17668809,143.2870429,200.0736036,45.48962022,345.5932177,611.4475228,29.39664516,56.73011937,1427.841084
West Midlands,Solihull,Solihull,E08000029,2018,-4.004424433,165.0323845,184.7042099,41.15940542,337.3255958,608.6864855,30.2471027,47.33226662,1410.483026
West Midlands,Solihull,Solihull,E08000029,2019,-4.19966744,144.1335998,153.4446058,38.33453266,325.5210757,590.6332415,29.6614057,50.2763084,1327.805102
West Midlands,Solihull,Solihull,E08000029,2020,-4.224431806,141.3798874,114.510771,36.52301565,319.5701703,470.3601291,27.69059124,39.8704162,1145.680549
West Midlands,Solihull,Solihull,E08000029,2021,-4.258429883,145.7645485,140.7693294,39.24684129,329.5987024,507.7803288,29.56585747,37.71442103,1226.181599
West Midlands,Staffordshire,Cannock Chase,E07000192,2005,-13.99289094,103.5240254,91.61638847,16.37685978,236.8689507,135.8703355,6.675949099,12.04031135,588.9799294
West Midlands,Staffordshire,Cannock Chase,E07000192,2006,-14.46113537,105.559728,94.65723947,16.18036695,242.7527908,134.4975081,6.544595844,12.14387275,597.8749665
West Midlands,Staffordshire,Cannock Chase,E07000192,2007,-14.59544777,103.7515601,95.949138,16.28748719,234.9327817,130.8715938,6.519527386,10.49618807,584.2128285
West Midlands,Staffordshire,Cannock Chase,E07000192,2008,-15.23406555,88.87704728,84.69747777,13.8953979,233.3277293,126.1411781,6.376911907,16.88395669,554.9656335
West Midlands,Staffordshire,Cannock Chase,E07000192,2009,-15.44890123,74.02554766,73.84608782,12.04298228,209.7332984,121.7285156,6.147522601,52.35637133,534.4314244
West Midlands,Staffordshire,Cannock Chase,E07000192,2010,-15.44825742,86.33266231,80.96534312,13.19191356,223.7813398,120.7265591,6.639871563,49.68218507,565.8716171
West Midlands,Staffordshire,Cannock Chase,E07000192,2011,-15.60799806,78.04183647,73.32514287,12.01495191,196.4890824,119.5950349,6.751612195,46.03424272,516.6439054
West Midlands,Staffordshire,Cannock Chase,E07000192,2012,-14.22937505,79.48244454,79.26920016,12.88087873,210.5436477,116.6027894,7.056924321,32.04498253,523.6514924
West Midlands,Staffordshire,Cannock Chase,E07000192,2013,-15.16143079,82.28438137,79.84112596,12.94606976,204.0322234,114.2210079,6.571633787,36.55818907,521.2932004
West Midlands,Staffordshire,Cannock Chase,E07000192,2014,-14.99239781,77.75654224,69.82616894,11.31249473,172.6563083,115.5366944,6.610029921,25.10095457,463.8067953
West Midlands,Staffordshire,Cannock Chase,E07000192,2015,-14.668105,69.59788814,63.7241577,10.35853903,168.369226,118.0657275,7.238408779,25.53853491,448.224377
West Midlands,Staffordshire,Cannock Chase,E07000192,2016,-14.15433955,60.10101291,61.0785419,9.352823266,159.0907928,119.7258093,6.772623443,30.44812776,432.4153918
West Midlands,Staffordshire,Cannock Chase,E07000192,2017,-14.82692385,78.16625996,42.21051154,8.718751,151.5077469,121.4094106,6.688709194,44.18232146,438.0567867
West Midlands,Staffordshire,Cannock Chase,E07000192,2018,-14.42978101,80.273867,27.95297114,13.58567789,148.5551544,119.7175521,6.838174899,45.68909604,428.1827124
West Midlands,Staffordshire,Cannock Chase,E07000192,2019,-14.38095489,73.96680752,18.96567259,9.303692469,144.5914025,116.5031158,6.244089456,45.18446841,400.3782939
West Midlands,Staffordshire,Cannock Chase,E07000192,2020,-14.66603831,72.97820921,14.04249848,8.252369442,141.3741419,94.86089192,8.070435751,35.96611081,360.8786192
West Midlands,Staffordshire,Cannock Chase,E07000192,2021,-14.43419947,66.37416612,20.01047848,10.245044,145.7122718,103.2488676,6.113592161,26.77259921,364.0428199
West Midlands,Staffordshire,East Staffordshire,E07000193,2005,-19.10591905,278.990574,208.7507844,39.15966204,279.2094986,293.4619563,191.5875288,15.21666466,1287.27075
West Midlands,Staffordshire,East Staffordshire,E07000193,2006,-19.43074389,286.1616372,218.1154932,40.52059459,277.1844914,292.593815,187.7721484,15.85836292,1298.775799
West Midlands,Staffordshire,East Staffordshire,E07000193,2007,-20.63138067,272.3590761,208.5729678,38.03352505,268.4621159,291.9695189,187.6175403,14.16276464,1260.546128
West Midlands,Staffordshire,East Staffordshire,E07000193,2008,-21.62653272,255.9403201,208.2255177,37.27746139,266.8006738,290.501356,187.1101001,21.09991728,1245.328814
West Midlands,Staffordshire,East Staffordshire,E07000193,2009,-22.09235375,220.57687,164.04023,30.24990714,245.8680056,278.1556597,188.2375782,65.55274172,1170.588639
West Midlands,Staffordshire,East Staffordshire,E07000193,2010,-22.52811538,246.2829138,177.5877598,33.80425962,265.5075227,274.6049496,190.4752888,62.99791003,1228.732489
West Midlands,Staffordshire,East Staffordshire,E07000193,2011,-23.32638211,227.9817815,177.785673,32.16657774,230.1762077,272.7308354,185.3361029,57.92264294,1160.773439
West Midlands,Staffordshire,East Staffordshire,E07000193,2012,-22.36942139,224.433805,185.6439696,32.64320441,246.9521864,270.7118559,186.4669981,41.39485651,1165.877455
West Midlands,Staffordshire,East Staffordshire,E07000193,2013,-23.41057679,221.2373491,174.9087887,31.81858196,239.4532421,269.8846335,183.0696637,46.28526397,1143.246946
West Midlands,Staffordshire,East Staffordshire,E07000193,2014,-23.60297938,199.5592267,146.0006383,26.6696566,204.5663556,276.0060008,189.5127792,32.26161828,1050.973296
West Midlands,Staffordshire,East Staffordshire,E07000193,2015,-24.54317532,186.1258106,125.1622189,23.30677054,198.5449005,283.7308448,189.6312147,32.33334994,1014.291935
West Midlands,Staffordshire,East Staffordshire,E07000193,2016,-23.2855817,177.496182,111.4908809,19.89826086,189.4337107,291.251269,185.89828,36.41526896,988.5982707
West Midlands,Staffordshire,East Staffordshire,E07000193,2017,-24.38444277,177.0578157,93.04251123,21.49587599,180.2798416,294.7620569,186.6044961,52.38193478,981.2400895
West Midlands,Staffordshire,East Staffordshire,E07000193,2018,-24.53193456,196.582509,67.93707829,21.77443929,178.3523803,291.0879329,180.7559428,54.70579365,966.6641417
West Midlands,Staffordshire,East Staffordshire,E07000193,2019,-25.19083464,207.3526314,36.08713619,22.74381313,174.3019638,259.1291904,177.9083274,50.80976992,903.1419975
West Midlands,Staffordshire,East Staffordshire,E07000193,2020,-25.46147769,190.5307357,30.61157206,24.52365441,169.2925643,207.7809169,169.6521099,43.61404554,810.5441211
West Midlands,Staffordshire,East Staffordshire,E07000193,2021,-25.49870583,208.2852201,35.99665225,20.6798059,176.0694873,231.4711565,171.3425029,35.17517309,853.5212922
West Midlands,Staffordshire,Lichfield,E07000194,2005,24.52238913,104.1462184,95.20688792,34.72061297,262.4127466,380.029857,88.99755259,14.4773321,1004.513597
West Midlands,Staffordshire,Lichfield,E07000194,2006,24.66725857,104.9932023,103.1277446,33.81421986,269.0791494,376.3651505,95.97141296,14.77137667,1022.789515
West Midlands,Staffordshire,Lichfield,E07000194,2007,23.69769753,102.8435151,103.6008085,32.55529931,260.5767892,391.7418204,84.70539978,13.52150704,1013.242837
West Midlands,Staffordshire,Lichfield,E07000194,2008,22.6910326,96.23489866,101.0328892,31.28220522,259.4608158,376.2184303,86.4302016,20.02436968,993.374843
West Midlands,Staffordshire,Lichfield,E07000194,2009,22.71589608,86.58140223,81.43695467,25.90421796,234.6129492,363.3764564,83.09236053,57.51124005,955.2314771
West Midlands,Staffordshire,Lichfield,E07000194,2010,22.71715394,92.46946121,86.12379842,28.11705753,252.0299162,358.5195389,85.89370806,55.14622521,981.0168595
West Midlands,Staffordshire,Lichfield,E07000194,2011,22.23480044,86.48063875,83.53541342,26.7447156,220.9153352,355.2704265,84.74886809,51.76276406,931.6929621
West Midlands,Staffordshire,Lichfield,E07000194,2012,22.96077476,89.89784595,90.09153974,29.41073771,237.797967,345.8867909,85.21169065,36.88027014,938.1376168
West Midlands,Staffordshire,Lichfield,E07000194,2013,22.00255987,90.11027575,87.21678944,29.45876447,231.4669431,347.872238,83.84089386,43.03309724,935.0015618
West Midlands,Staffordshire,Lichfield,E07000194,2014,22.15383616,83.01273854,74.11900658,24.76925078,196.2053813,357.3940137,86.31320545,31.84299084,875.8104234
West Midlands,Staffordshire,Lichfield,E07000194,2015,21.51009946,74.02589387,65.51783142,23.00261125,192.0482351,368.9728445,85.03235191,33.42219406,863.5320616
West Midlands,Staffordshire,Lichfield,E07000194,2016,23.00177617,68.56079077,56.42425975,19.79553858,181.4701173,378.5330669,83.36609754,39.30458477,850.4562317
West Midlands,Staffordshire,Lichfield,E07000194,2017,22.48525936,69.01761046,42.37396259,18.53673147,172.9866985,390.3527654,82.93773423,52.71782985,851.4085918
West Midlands,Staffordshire,Lichfield,E07000194,2018,22.37452633,80.29631801,22.65042362,21.17164172,170.6822883,380.2566828,83.98494717,56.42587794,837.8427059
West Midlands,Staffordshire,Lichfield,E07000194,2019,22.1901353,71.34116797,18.80306466,19.73594483,164.926936,379.9254364,83.98951493,52.99906024,813.9112604
West Midlands,Staffordshire,Lichfield,E07000194,2020,22.18085184,70.71470637,13.41119172,17.62215502,161.3601796,291.4794305,75.54167457,39.0947478,691.4049374
West Midlands,Staffordshire,Lichfield,E07000194,2021,22.41028289,99.33196175,17.19787225,17.4540423,167.4095491,322.4069714,76.38927124,32.29080314,754.8907541
West Midlands,Staffordshire,Newcastle-under-Lyme,E07000195,2005,-7.9606459,146.3872975,87.37898949,31.60475542,309.8362447,434.5834533,104.1861675,15.80663355,1121.822896
West Midlands,Staffordshire,Newcastle-under-Lyme,E07000195,2006,-8.350212126,146.4047704,96.40256051,32.26637265,315.2232312,421.7536486,94.19600163,15.75852614,1113.654899
West Midlands,Staffordshire,Newcastle-under-Lyme,E07000195,2007,-8.648237035,143.2955605,95.94224376,31.56886892,300.9424465,429.2647696,101.1780661,13.72329233,1107.267011
West Midlands,Staffordshire,Newcastle-under-Lyme,E07000195,2008,-9.28750872,136.0815576,101.4779764,31.44073282,299.2785895,407.4833483,99.56505213,21.85592135,1087.895669
West Midlands,Staffordshire,Newcastle-under-Lyme,E07000195,2009,-9.509783069,115.4536952,84.78727199,26.65760053,270.7035624,387.083781,100.2762573,67.12154438,1042.57393
West Midlands,Staffordshire,Newcastle-under-Lyme,E07000195,2010,-9.820405808,134.389342,87.38794136,30.00833611,288.3238434,387.0928089,100.653739,65.0835943,1083.119199
West Midlands,Staffordshire,Newcastle-under-Lyme,E07000195,2011,-10.13411033,123.035994,85.74232798,28.09998286,254.6358678,383.5452331,99.04225315,60.78245055,1024.749999
West Midlands,Staffordshire,Newcastle-under-Lyme,E07000195,2012,-9.530812529,126.1908067,90.55958956,29.1261308,268.2087414,379.777684,98.97502467,41.32845903,1024.635624
West Midlands,Staffordshire,Newcastle-under-Lyme,E07000195,2013,-10.35269482,123.4572478,89.95786253,28.76815265,261.8568778,377.4535797,103.8419233,46.94185955,1021.924809
West Midlands,Staffordshire,Newcastle-under-Lyme,E07000195,2014,-10.28288699,120.4672388,79.87627279,26.8023787,223.0773168,361.65879,105.6256648,32.17992221,939.4046971
West Midlands,Staffordshire,Newcastle-under-Lyme,E07000195,2015,-10.68243606,120.9866802,72.21595145,25.99206244,220.0982142,403.3014255,105.060972,32.32447854,969.2973482
West Midlands,Staffordshire,Newcastle-under-Lyme,E07000195,2016,-9.829967478,112.0979038,61.49627348,23.46136816,206.9565714,406.8653668,104.172817,38.94875713,944.1690904
West Midlands,Staffordshire,Newcastle-under-Lyme,E07000195,2017,-10.31890102,116.1178725,52.80475251,19.80864137,195.9291801,389.2214853,110.45663,55.9782555,929.9979163
West Midlands,Staffordshire,Newcastle-under-Lyme,E07000195,2018,-10.08810699,124.4342313,31.09037517,26.43203737,192.4300943,376.06377,112.7041178,58.71753698,911.7840558
West Midlands,Staffordshire,Newcastle-under-Lyme,E07000195,2019,-10.31237646,111.9939766,21.35082872,22.21789997,186.1605653,377.3461461,112.4334267,53.91998178,875.1104487
West Midlands,Staffordshire,Newcastle-under-Lyme,E07000195,2020,-10.44761721,109.0113126,17.33957221,20.32002801,180.2370168,312.7100193,109.6460005,45.54557696,784.3619092
West Midlands,Staffordshire,Newcastle-under-Lyme,E07000195,2021,-10.35013369,120.9030398,27.97954965,23.25589062,186.4388621,357.098651,104.1688348,34.69534239,844.1900367
West Midlands,Staffordshire,South Staffordshire,E07000196,2005,-14.95344673,154.5363329,47.07157954,29.61985401,274.8848753,529.5723318,104.5093775,17.70097773,1142.941882
West Midlands,Staffordshire,South Staffordshire,E07000196,2006,-15.35325494,161.2119039,62.16214816,31.7146492,279.270807,534.4521508,102.8802443,18.33201519,1174.670664
West Midlands,Staffordshire,South Staffordshire,E07000196,2007,-16.3135065,155.7963298,59.94377543,30.07246649,269.0645871,551.9242752,100.4271077,16.36858135,1167.283617
West Midlands,Staffordshire,South Staffordshire,E07000196,2008,-17.9096523,130.3635011,53.72941588,25.27097212,267.6108408,520.5505447,101.484831,23.13133018,1104.231784
West Midlands,Staffordshire,South Staffordshire,E07000196,2009,-17.65400383,125.1838318,55.27883049,24.66427256,243.7315089,498.7545342,104.3335363,66.71816055,1101.010671
West Midlands,Staffordshire,South Staffordshire,E07000196,2010,-17.50195817,131.6452467,53.08956539,25.20685525,262.5641583,502.228976,105.454657,67.99386902,1130.681369
West Midlands,Staffordshire,South Staffordshire,E07000196,2011,-17.76932706,125.6053128,52.95170457,24.67563246,229.4511786,500.7238159,103.8620018,63.65891488,1083.159234
West Midlands,Staffordshire,South Staffordshire,E07000196,2012,-16.40008282,126.942562,55.43052176,25.25900544,245.243611,499.6401509,107.9650736,43.98667503,1088.067517
West Midlands,Staffordshire,South Staffordshire,E07000196,2013,-17.59572362,133.6723038,53.33599219,24.95615342,238.967114,496.9456584,103.3023062,48.54495497,1082.128759
West Midlands,Staffordshire,South Staffordshire,E07000196,2014,-17.41010525,124.087157,48.56459014,22.46215695,203.7809005,504.0991904,106.3227989,36.55106712,1028.457756
West Midlands,Staffordshire,South Staffordshire,E07000196,2015,-17.93696519,117.6067728,44.69862755,20.53452636,198.6713729,495.3072189,104.6394863,36.83676157,1000.357801
West Midlands,Staffordshire,South Staffordshire,E07000196,2016,-16.44137074,115.2425335,39.30890317,19.3506534,187.5263024,512.8185684,99.43540361,45.54393849,1002.784932
West Midlands,Staffordshire,South Staffordshire,E07000196,2017,-17.20367785,119.7021598,59.44560179,21.21585809,177.4200828,516.900915,98.27955604,58.32677347,1034.087269
West Midlands,Staffordshire,South Staffordshire,E07000196,2018,-16.70202274,140.7618284,16.19240619,23.36529695,173.8190977,506.9612902,96.28004672,60.13505013,1000.812994
West Midlands,Staffordshire,South Staffordshire,E07000196,2019,-16.99885062,148.739655,11.55088972,20.65098169,167.000221,491.5107244,94.91292392,56.15329716,973.5198423
West Midlands,Staffordshire,South Staffordshire,E07000196,2020,-17.06730391,129.2934673,10.38193326,22.17096818,163.6150833,428.2563324,89.21827792,44.99954286,870.8683013
West Midlands,Staffordshire,South Staffordshire,E07000196,2021,-16.78296947,148.7203132,16.51795228,21.64258906,168.8962816,478.5697083,98.25417224,39.12121545,954.9392626
West Midlands,Staffordshire,Stafford,E07000197,2005,-22.77735433,142.1041562,125.2395824,66.9200367,331.5472095,636.1277459,297.7156112,16.73240767,1593.609395
West Midlands,Staffordshire,Stafford,E07000197,2006,-23.47092273,149.3295146,138.1822157,73.90958894,343.9002717,622.1817146,295.5494418,16.95943502,1616.54126
West Midlands,Staffordshire,Stafford,E07000197,2007,-24.78725091,134.7086621,131.9781425,63.56909935,328.9780814,623.9473951,296.0790401,14.99908182,1569.472252
West Midlands,Staffordshire,Stafford,E07000197,2008,-26.78242172,132.4455441,133.9944789,64.23661339,328.6351214,613.8748601,296.7183148,23.44197305,1566.564484
West Midlands,Staffordshire,Stafford,E07000197,2009,-26.98911359,125.7568749,119.0141982,56.86569531,299.930152,592.2430913,291.1625756,75.44284944,1533.426323
West Midlands,Staffordshire,Stafford,E07000197,2010,-27.19287029,139.3014542,124.0056289,60.6290038,324.8377082,575.2438678,300.6000071,74.30305288,1571.727852
West Midlands,Staffordshire,Stafford,E07000197,2011,-27.95689284,124.8621608,111.2202689,52.69967806,282.0858882,583.7095887,296.1734428,65.71067968,1488.504814
West Midlands,Staffordshire,Stafford,E07000197,2012,-26.10118602,138.219768,131.0735146,57.66230826,298.6355978,595.6763693,297.6555768,48.88304842,1541.704997
West Midlands,Staffordshire,Stafford,E07000197,2013,-28.11253179,144.0077416,122.8162387,57.13070773,290.1037634,578.9410532,294.2298481,51.17354367,1510.290365
West Midlands,Staffordshire,Stafford,E07000197,2014,-27.90538703,125.9789225,95.47173862,47.23464702,247.5672488,599.223092,298.5488939,36.08158372,1422.20074
West Midlands,Staffordshire,Stafford,E07000197,2015,-28.46803887,112.6118336,89.55976509,44.32268291,242.9740427,608.3155626,301.461285,38.7648062,1409.541939
West Midlands,Staffordshire,Stafford,E07000197,2016,-26.31432883,99.31820065,79.4703217,39.19105305,231.803963,623.5949584,288.6757289,43.17880707,1378.918704
West Midlands,Staffordshire,Stafford,E07000197,2017,-27.72496496,94.94965515,56.49623944,42.61294381,220.2758057,598.0208762,297.5372142,61.32715715,1343.494927
West Midlands,Staffordshire,Stafford,E07000197,2018,-27.42655627,97.30089549,39.08965993,43.8762028,217.1344727,592.8292443,299.2475604,63.62379893,1325.675278
West Midlands,Staffordshire,Stafford,E07000197,2019,-27.6567826,85.99204582,32.25825193,36.12288383,209.4553047,578.4894406,296.1984167,59.38693583,1270.246497
West Midlands,Staffordshire,Stafford,E07000197,2020,-27.68994285,68.79877664,26.65754509,34.13598747,204.3471694,465.1790006,284.1783342,45.78913915,1101.39601
West Midlands,Staffordshire,Stafford,E07000197,2021,-27.50641207,74.42287449,29.32015989,37.43380721,211.332869,524.8397723,278.5220957,38.36922803,1166.734395
West Midlands,Staffordshire,Staffordshire Moorlands,E07000198,2005,-36.0581382,939.7364614,65.15875688,14.93680104,261.7692499,228.8369905,290.4971515,12.04627164,1776.923545
West Midlands,Staffordshire,Staffordshire Moorlands,E07000198,2006,-37.2753604,921.1526296,75.13103054,15.13425924,270.5115727,226.5195362,282.7704295,12.13808837,1766.082186
West Midlands,Staffordshire,Staffordshire Moorlands,E07000198,2007,-38.06308876,912.5011534,73.08734845,15.09940842,258.2755316,229.6643605,281.5257281,10.46754547,1742.557987
West Midlands,Staffordshire,Staffordshire Moorlands,E07000198,2008,-39.41303782,839.6179528,64.27505287,13.08040099,258.2093996,224.1067145,279.917287,16.81487926,1656.608649
West Midlands,Staffordshire,Staffordshire Moorlands,E07000198,2009,-40.04609136,753.2895764,56.59941046,11.76109463,235.1275345,216.7804552,273.9163053,52.31326498,1559.74155
West Midlands,Staffordshire,Staffordshire Moorlands,E07000198,2010,-40.61606128,831.9908943,61.31308328,12.83472021,251.4496442,215.5585589,272.5667232,50.61600895,1655.713572
West Midlands,Staffordshire,Staffordshire Moorlands,E07000198,2011,-41.37583374,831.5400192,57.58957081,11.4678153,220.4127165,212.7606054,264.4675475,46.29384306,1603.156284
West Midlands,Staffordshire,Staffordshire Moorlands,E07000198,2012,-41.35987254,776.8062255,58.55287252,11.66198029,232.1570634,208.731706,266.6383425,31.24013637,1544.428454
West Midlands,Staffordshire,Staffordshire Moorlands,E07000198,2013,-42.80664128,795.498491,63.20687996,14.74650836,226.9509347,206.548002,264.1263475,35.74136829,1564.011891
West Midlands,Staffordshire,Staffordshire Moorlands,E07000198,2014,-42.76150706,822.653322,53.72918372,12.7555625,193.2123959,211.0947809,272.2596826,23.89037256,1546.833793
West Midlands,Staffordshire,Staffordshire Moorlands,E07000198,2015,-43.87212599,807.6156024,47.83902717,11.34227859,190.0796935,216.4327535,272.3374818,23.92523,1525.699941
West Midlands,Staffordshire,Staffordshire Moorlands,E07000198,2016,-43.06550224,792.7909549,42.83659959,10.20180046,178.5081914,222.6893163,264.4092101,28.63107982,1497.00165
West Midlands,Staffordshire,Staffordshire Moorlands,E07000198,2017,-44.34976668,720.3195473,32.14474177,10.12234516,168.5895851,220.4405507,264.5456909,41.54443139,1413.357126
West Midlands,Staffordshire,Staffordshire Moorlands,E07000198,2018,-32.98551559,800.4919571,10.55087636,13.2723434,165.4747516,217.9285072,257.7655948,43.23178422,1475.730299
West Midlands,Staffordshire,Staffordshire Moorlands,E07000198,2019,-44.40307071,773.7853226,9.949005837,12.27155695,159.9746375,184.6631166,250.4065459,39.55282102,1386.199936
West Midlands,Staffordshire,Staffordshire Moorlands,E07000198,2020,-45.25995899,713.007982,9.421129753,15.66045105,154.98332,149.7429606,246.8092819,29.8677396,1274.232906
West Midlands,Staffordshire,Staffordshire Moorlands,E07000198,2021,-45.6198402,753.5012175,9.653747332,12.60244432,160.1295583,165.7161771,252.5458861,24.46275333,1332.991944
West Midlands,Staffordshire,Tamworth,E07000199,2005,1.475693785,103.1775143,78.29980516,11.0425711,179.9508542,87.57438982,4.21939541,9.328333657,475.0685575
West Midlands,Staffordshire,Tamworth,E07000199,2006,1.378367426,101.6489973,79.20179752,10.68089661,179.1366475,88.52019917,4.765473308,9.365137845,474.6975167
West Midlands,Staffordshire,Tamworth,E07000199,2007,1.328546449,93.99665635,70.99173276,9.602124492,171.8522636,88.7644124,4.177241215,8.047745893,448.7607232
West Midlands,Staffordshire,Tamworth,E07000199,2008,1.298491923,87.15742003,67.4505353,9.175887717,169.7398366,84.77884117,3.782247893,13.07465789,436.4579185
West Midlands,Staffordshire,Tamworth,E07000199,2009,1.247221431,74.57864579,58.86767708,7.807691773,152.9290211,82.2417534,3.131084044,41.16158419,421.9646788
West Midlands,Staffordshire,Tamworth,E07000199,2010,1.125894123,80.25000806,61.27858818,8.376581958,164.3897007,82.75661933,3.0833564,38.93998921,440.200738
West Midlands,Staffordshire,Tamworth,E07000199,2011,1.069052704,73.91722876,57.08980665,7.628490724,143.6280461,82.66963753,2.977708379,35.85668771,404.8366586
West Midlands,Staffordshire,Tamworth,E07000199,2012,1.003273342,79.21506611,63.02172672,8.366084594,153.9321348,81.07530682,3.483330975,24.52181127,414.6187347
West Midlands,Staffordshire,Tamworth,E07000199,2013,0.941675365,76.57682538,61.38962328,8.210838538,147.9827213,80.41582525,3.288237013,27.89529716,406.7010433
West Midlands,Staffordshire,Tamworth,E07000199,2014,0.827393127,70.65950057,53.12038507,7.303916427,124.8258297,82.09914749,3.147217683,21.71077371,363.6941638
West Midlands,Staffordshire,Tamworth,E07000199,2015,0.763367117,66.23215904,46.50513602,6.689235604,120.9333912,83.44405853,3.24800867,19.81652792,347.6318841
West Midlands,Staffordshire,Tamworth,E07000199,2016,0.822446697,56.57550047,38.52426131,5.8436226,113.0857803,83.71352345,3.430701369,24.92190996,326.9177461
West Midlands,Staffordshire,Tamworth,E07000199,2017,0.824522607,55.23033897,28.75606919,6.276912342,106.9099281,81.9657647,3.392347191,34.59524726,317.9511304
West Midlands,Staffordshire,Tamworth,E07000199,2018,0.909785968,63.84455798,18.86600602,10.54384803,104.5605041,80.80088986,3.342324138,35.36365052,318.2315666
West Midlands,Staffordshire,Tamworth,E07000199,2019,0.800734227,53.00348304,14.55783864,5.260745202,101.3803446,81.43558401,3.452829346,30.92869543,290.8202545
West Midlands,Staffordshire,Tamworth,E07000199,2020,0.854041989,44.12890447,11.56692757,4.740398732,99.69621142,66.08542016,3.707156776,23.24142639,254.0204875
West Midlands,Staffordshire,Tamworth,E07000199,2021,0.850506927,49.32816121,13.70535873,4.293233539,103.068682,74.08612256,4.220413714,19.28580945,268.8382882
West Midlands,Stoke on Trent,Stoke-on-Trent,E06000021,2005,2.028370112,646.2019643,251.8941769,82.24085795,583.7405197,415.3441385,16.10328655,44.17481663,2041.728131
West Midlands,Stoke on Trent,Stoke-on-Trent,E06000021,2006,1.795880228,645.9888216,240.9907987,75.71222366,596.044841,401.868417,18.93441009,44.02666509,2025.362057
West Midlands,Stoke on Trent,Stoke-on-Trent,E06000021,2007,1.525192101,678.15042,218.3315785,67.92649446,571.4253318,394.7685808,17.22775645,28.50161833,1977.856972
West Midlands,Stoke on Trent,Stoke-on-Trent,E06000021,2008,1.24308042,645.8984556,188.228227,58.60752222,563.1257294,394.3458401,17.37397545,32.11758975,1900.94042
West Midlands,Stoke on Trent,Stoke-on-Trent,E06000021,2009,1.136768023,554.9841473,184.5447166,56.36408159,509.086004,391.6071718,17.36901598,62.24118877,1777.333094
West Midlands,Stoke on Trent,Stoke-on-Trent,E06000021,2010,1.002217715,506.0075043,181.3386821,56.95728202,542.4457894,379.0862243,16.86068625,80.65446654,1764.352853
West Midlands,Stoke on Trent,Stoke-on-Trent,E06000021,2011,0.717441718,423.2685289,180.6949104,55.10576947,480.5779594,379.0468786,15.29122203,47.27821498,1581.980925
West Midlands,Stoke on Trent,Stoke-on-Trent,E06000021,2012,0.604598045,392.4063602,188.407433,57.02059648,503.1996264,368.5332957,15.44429836,58.86303161,1584.47924
West Midlands,Stoke on Trent,Stoke-on-Trent,E06000021,2013,0.379562203,414.087809,182.241382,56.37380307,490.1086501,366.0553178,14.68546624,53.24598755,1577.177978
West Midlands,Stoke on Trent,Stoke-on-Trent,E06000021,2014,0.308186123,518.3864123,183.2249834,64.74828114,415.2010442,369.3502736,15.67477895,39.63063707,1606.524597
West Midlands,Stoke on Trent,Stoke-on-Trent,E06000021,2015,0.0084859,478.0930364,169.7024946,62.0363408,410.5603986,375.5998715,15.60317933,38.66148849,1550.265296
West Midlands,Stoke on Trent,Stoke-on-Trent,E06000021,2016,0.094126626,469.7238705,156.3762256,55.86155272,385.7122706,372.1418842,14.89762045,52.52411271,1507.331663
West Midlands,Stoke on Trent,Stoke-on-Trent,E06000021,2017,-0.029619822,293.2172243,100.7784789,59.65978951,367.765299,362.4798835,14.78624486,62.99284663,1261.650147
West Midlands,Stoke on Trent,Stoke-on-Trent,E06000021,2018,0.114107198,261.5636808,99.70091718,74.80134698,361.2028635,352.951793,13.54803857,59.19808585,1223.080833
West Midlands,Stoke on Trent,Stoke-on-Trent,E06000021,2019,-0.024091802,268.7945237,54.41494886,62.30599765,351.6489057,342.0533272,13.36701033,61.36932418,1153.929946
West Midlands,Stoke on Trent,Stoke-on-Trent,E06000021,2020,-0.089244776,233.7347299,43.78801453,54.61207907,341.9554058,284.2751303,12.86468347,49.02367016,1020.164468
West Midlands,Stoke on Trent,Stoke-on-Trent,E06000021,2021,-0.130291645,266.3045886,50.43621832,62.04532273,356.9504493,313.38,13.49768009,64.8721166,1127.356084
West Midlands,Telford and Wrekin,Telford and Wrekin,E06000020,2005,28.07272895,520.2389572,186.2194627,89.37990916,366.4647816,347.5218023,84.40932912,36.81519853,1659.12217
West Midlands,Telford and Wrekin,Telford and Wrekin,E06000020,2006,27.99046884,532.9111678,203.0765575,93.97465351,373.3790627,332.2669851,85.30374946,37.07693717,1685.979582
West Midlands,Telford and Wrekin,Telford and Wrekin,E06000020,2007,27.36003761,458.6416439,186.3808077,86.38104776,359.7068941,336.2571273,78.49956659,149.0290035,1682.256128
West Midlands,Telford and Wrekin,Telford and Wrekin,E06000020,2008,26.25862048,391.4588596,185.1082501,85.47444913,358.40045,323.7391106,78.99402668,80.94953082,1530.383297
West Midlands,Telford and Wrekin,Telford and Wrekin,E06000020,2009,26.72592384,339.5018181,154.2007674,68.88446415,326.5976008,309.313768,79.95355673,114.2825326,1419.460432
West Midlands,Telford and Wrekin,Telford and Wrekin,E06000020,2010,26.68806751,366.610263,164.2019381,74.57971466,352.3700651,303.136515,78.78767619,136.3718042,1502.746044
West Midlands,Telford and Wrekin,Telford and Wrekin,E06000020,2011,26.1906848,349.1908857,156.1627188,67.34209594,308.0508338,308.061692,81.01627339,130.3011328,1426.316317
West Midlands,Telford and Wrekin,Telford and Wrekin,E06000020,2012,26.74316294,337.8053221,156.2224195,70.04240762,329.1889441,305.3905796,81.96409654,187.4360058,1494.792938
West Midlands,Telford and Wrekin,Telford and Wrekin,E06000020,2013,25.83260502,327.2338899,150.7521901,70.49269125,322.2562515,302.9406742,78.4866457,107.9557215,1385.950669
West Midlands,Telford and Wrekin,Telford and Wrekin,E06000020,2014,25.89576045,314.5689645,130.3330096,59.96423303,274.245226,305.2000787,81.25018825,83.36936659,1274.826827
West Midlands,Telford and Wrekin,Telford and Wrekin,E06000020,2015,25.3001755,309.1393613,116.7210063,56.48611308,269.6453932,309.7998052,82.4982403,85.25366625,1254.843761
West Midlands,Telford and Wrekin,Telford and Wrekin,E06000020,2016,26.40840549,284.2786566,101.6255594,51.99866845,256.8925428,317.4238742,79.12495334,42.50175826,1160.254419
West Midlands,Telford and Wrekin,Telford and Wrekin,E06000020,2017,25.81369689,286.9790424,81.78414965,51.06210547,245.720478,326.0680205,79.76446645,56.98202416,1154.173983
West Midlands,Telford and Wrekin,Telford and Wrekin,E06000020,2018,26.27001277,348.3538668,42.02405459,53.32214465,245.2286882,331.042499,79.95913657,57.06495615,1183.265359
West Midlands,Telford and Wrekin,Telford and Wrekin,E06000020,2019,25.66999739,311.6870801,35.51299847,48.58742562,236.1933549,322.0275056,82.46189697,57.65007969,1119.790339
West Midlands,Telford and Wrekin,Telford and Wrekin,E06000020,2020,25.4853125,242.0470685,27.22760467,37.51615802,232.0361945,262.3689895,77.23598523,48.93636778,952.8536808
West Midlands,Telford and Wrekin,Telford and Wrekin,E06000020,2021,25.49806111,264.3606524,29.77897966,36.8062821,241.4137567,286.8398649,80.87877863,37.29982329,1002.876199
West Midlands,Walsall,Walsall,E08000030,2005,6.846718405,388.5640084,223.9737109,93.37078348,622.9625568,471.7740243,8.472824952,25.67350194,1841.638129
West Midlands,Walsall,Walsall,E08000030,2006,6.732444699,386.3346571,231.5445888,90.46771437,626.5863679,452.241525,9.101742597,26.65768666,1829.666727
West Midlands,Walsall,Walsall,E08000030,2007,6.460209974,362.9505192,214.7927597,82.11019979,601.499385,440.1408071,8.283864668,55.79558987,1772.033335
West Midlands,Walsall,Walsall,E08000030,2008,6.159575974,325.4828706,202.0553629,75.28848884,597.9114891,404.0269976,8.125441505,54.88830653,1673.938533
West Midlands,Walsall,Walsall,E08000030,2009,5.891018964,252.7785387,150.4354789,58.20381238,543.8349038,390.0619678,7.635301664,79.91370502,1488.754727
West Midlands,Walsall,Walsall,E08000030,2010,5.789550903,278.1421695,164.2899907,64.643682,582.735005,394.204328,7.605096873,127.2180404,1624.627863
West Midlands,Walsall,Walsall,E08000030,2011,5.505987532,262.3854303,159.5260872,60.52112793,512.9988423,393.8762199,7.46975165,123.1258233,1525.40927
West Midlands,Walsall,Walsall,E08000030,2012,5.609250211,267.0281957,161.8233035,62.05487445,547.2432713,389.2462316,7.953774669,108.1445439,1549.103445
West Midlands,Walsall,Walsall,E08000030,2013,5.327042656,261.6638015,156.8136331,62.10325587,531.5963865,390.7348841,7.760911652,115.0300347,1531.02995
West Midlands,Walsall,Walsall,E08000030,2014,5.143977632,231.5233325,134.0665156,53.2102508,452.3920323,406.4213029,7.539257331,90.34690326,1380.643572
West Midlands,Walsall,Walsall,E08000030,2015,4.987631641,219.2331195,119.510935,49.61276381,442.54953,397.0402843,8.002588415,59.46931118,1300.406164
West Midlands,Walsall,Walsall,E08000030,2016,5.15649674,187.3800532,113.8010048,44.10911552,417.7043035,399.3083906,8.749920956,74.01753245,1250.226818
West Midlands,Walsall,Walsall,E08000030,2017,5.036715721,202.9921122,85.6203709,43.74187831,397.4513761,412.3682924,7.274091931,87.64522877,1242.130066
West Midlands,Walsall,Walsall,E08000030,2018,5.274548402,226.5291729,53.1342426,50.24634343,386.8035739,401.8247416,7.88308961,69.51556236,1201.211275
West Midlands,Walsall,Walsall,E08000030,2019,5.169289606,195.9371024,46.65484204,41.97042095,374.5157184,388.8707347,7.339301231,59.14082294,1119.598232
West Midlands,Walsall,Walsall,E08000030,2020,5.380945487,164.6230332,33.2643068,39.55373669,365.7346099,339.2888283,6.912377714,54.39683439,1009.154672
West Midlands,Walsall,Walsall,E08000030,2021,5.538880312,193.7363847,39.10809048,42.0536774,380.2820836,372.5726438,8.035493148,47.18356224,1088.510816
West Midlands,Warwickshire,North Warwickshire,E07000218,2005,-8.350762036,214.5504316,116.0339711,9.855526411,165.8551387,559.9080254,58.05029463,31.57627711,1147.478903
West Midlands,Warwickshire,North Warwickshire,E07000218,2006,-8.715217735,231.1120428,130.3217191,10.24151211,164.7353225,585.0264836,58.69849913,31.62097068,1203.041332
West Midlands,Warwickshire,North Warwickshire,E07000218,2007,-9.415634962,219.3180899,125.5937258,9.532082666,160.1942785,603.9734589,57.11953415,59.87842345,1226.193958
West Midlands,Warwickshire,North Warwickshire,E07000218,2008,-10.65618486,210.5106334,122.4110237,8.780333201,159.5064105,592.7572182,57.20790852,53.97470028,1194.492043
West Midlands,Warwickshire,North Warwickshire,E07000218,2009,-10.50302005,191.2690826,109.270612,7.810493707,143.581332,571.641231,55.86370869,53.0067844,1121.940224
West Midlands,Warwickshire,North Warwickshire,E07000218,2010,-10.68099373,214.3029148,123.3060502,8.793814098,153.0049044,612.5763165,55.94540964,34.04200319,1191.290419
West Midlands,Warwickshire,North Warwickshire,E07000218,2011,-10.96292398,186.9215616,106.2917176,7.541166393,135.4420611,585.9126878,54.59113644,19.44262977,1085.180037
West Midlands,Warwickshire,North Warwickshire,E07000218,2012,-10.44526686,210.1225596,118.3875566,8.518048348,145.2022872,566.9597616,55.16676855,17.04409324,1110.955808
West Midlands,Warwickshire,North Warwickshire,E07000218,2013,-10.81883405,201.6761382,104.1845507,8.14038822,139.8660219,564.2485143,51.89043843,18.74278841,1077.930006
West Midlands,Warwickshire,North Warwickshire,E07000218,2014,-11.11479703,188.2346898,95.89086949,7.436907778,119.2837206,594.1268476,54.02532945,17.23358506,1065.117153
West Midlands,Warwickshire,North Warwickshire,E07000218,2015,-11.73436821,174.0695685,87.9673309,6.9038555,116.3771147,612.2681428,54.83300085,19.57535503,1060.26
West Midlands,Warwickshire,North Warwickshire,E07000218,2016,-10.60894864,160.2531816,78.34277058,5.769456113,109.6997207,609.5870303,53.73931143,22.9470965,1029.729619
West Midlands,Warwickshire,North Warwickshire,E07000218,2017,-10.98923663,161.0833892,60.36210583,5.258481434,104.6284368,625.104507,54.17818178,25.9013706,1025.527236
West Midlands,Warwickshire,North Warwickshire,E07000218,2018,-10.83248332,177.1739206,35.8672958,6.768298717,101.9843973,606.8160738,57.20691172,26.30149492,1001.28591
West Midlands,Warwickshire,North Warwickshire,E07000218,2019,-11.15659809,172.7411801,22.74904624,11.09262398,98.62343795,588.8930791,54.96881056,23.14032092,961.0519008
West Midlands,Warwickshire,North Warwickshire,E07000218,2020,-11.03267563,145.5702277,19.7402218,11.93162335,97.20648285,488.9867789,50.214598,21.25032125,823.8675782
West Midlands,Warwickshire,North Warwickshire,E07000218,2021,-10.93344006,174.0111515,21.05121919,9.881590725,99.38519508,548.9916196,53.33713566,23.90593793,919.6304096
West Midlands,Warwickshire,Nuneaton and Bedworth,E07000219,2005,1.433531974,108.6501412,90.69254143,36.223501,296.8625498,210.2437524,16.05352778,52.93752945,813.0970749
West Midlands,Warwickshire,Nuneaton and Bedworth,E07000219,2006,1.436829617,107.5386104,92.25783378,33.46386614,296.0303293,218.7405322,16.083606,50.167864,815.7194713
West Midlands,Warwickshire,Nuneaton and Bedworth,E07000219,2007,1.188105814,106.6995286,91.57146225,31.66713832,287.6830688,220.3718024,16.58759337,105.471159,861.2398585
West Midlands,Warwickshire,Nuneaton and Bedworth,E07000219,2008,0.873413573,97.45707968,88.10731612,30.08380905,285.3102222,210.4695919,16.55744667,99.95489963,828.8137788
West Midlands,Warwickshire,Nuneaton and Bedworth,E07000219,2009,0.856779108,83.44409152,73.51116559,26.22553166,257.2522426,203.6406609,15.76594546,111.747384,772.4438008
West Midlands,Warwickshire,Nuneaton and Bedworth,E07000219,2010,0.804552587,91.85356765,79.36422279,30.14853323,275.9616761,207.5833672,15.70998539,63.59110839,765.0170133
West Midlands,Warwickshire,Nuneaton and Bedworth,E07000219,2011,0.651025702,83.3608265,71.50602984,25.64417597,244.0887735,200.3788079,14.95952598,37.26899429,677.8581598
West Midlands,Warwickshire,Nuneaton and Bedworth,E07000219,2012,0.863325833,87.73635789,77.65419976,29.63465519,261.1857038,201.6920126,15.21820909,30.04302184,704.027486
West Midlands,Warwickshire,Nuneaton and Bedworth,E07000219,2013,0.591746987,82.94448634,73.37762772,28.31893999,252.2267987,198.4911924,14.21355287,34.26062932,684.4249743
West Midlands,Warwickshire,Nuneaton and Bedworth,E07000219,2014,0.43024326,75.97989303,63.13885211,23.73924296,212.8969852,204.5738247,14.15597632,44.08180489,638.9968225
West Midlands,Warwickshire,Nuneaton and Bedworth,E07000219,2015,0.255528694,74.27199898,55.40395713,25.52022161,209.8100222,207.0586872,14.65570055,47.61771309,634.5938294
West Midlands,Warwickshire,Nuneaton and Bedworth,E07000219,2016,0.34901,68.48204081,47.43527091,19.31705006,197.094347,205.4707642,14.00373529,54.20449999,606.3567182
West Midlands,Warwickshire,Nuneaton and Bedworth,E07000219,2017,0.303013856,69.62793087,36.81548672,20.81009313,188.2821893,205.7597872,14.18601004,61.90653377,597.6910449
West Midlands,Warwickshire,Nuneaton and Bedworth,E07000219,2018,0.379582942,77.63733796,24.10725836,23.85776377,182.8117463,203.9619727,14.10461111,66.6857573,593.5460304
West Midlands,Warwickshire,Nuneaton and Bedworth,E07000219,2019,0.274534791,69.18513918,19.23673986,22.08821465,176.7080021,196.7457613,13.39672481,66.16186852,563.7969852
West Midlands,Warwickshire,Nuneaton and Bedworth,E07000219,2020,0.375554121,59.01706697,16.53134911,19.69937979,174.2727797,165.7674538,11.51022138,58.76463888,505.9384438
West Midlands,Warwickshire,Nuneaton and Bedworth,E07000219,2021,0.36858913,64.03118954,20.47456752,22.5768965,180.7197689,185.0268968,12.24810361,55.40880921,540.8548212
West Midlands,Warwickshire,Rugby,E07000220,2005,-0.694853425,1289.911405,134.0612075,40.57096937,247.3198123,476.3092534,101.270489,41.46478406,2330.213067
West Midlands,Warwickshire,Rugby,E07000220,2006,-0.531444579,1348.750876,140.8950613,39.4078429,250.0742365,464.0588003,91.03082581,39.60188008,2373.288078
West Midlands,Warwickshire,Rugby,E07000220,2007,-1.514731486,1572.167088,147.6247613,44.47644175,243.7291814,469.887668,92.67942878,82.84359667,2651.893434
West Midlands,Warwickshire,Rugby,E07000220,2008,-2.669222637,1353.801547,140.7986075,39.93652866,242.6798985,465.2985017,92.37974026,79.14641898,2411.37202
West Midlands,Warwickshire,Rugby,E07000220,2009,-2.434953481,1282.688909,131.1343547,36.19617187,220.4071106,442.0003078,92.42117029,75.90785831,2278.320929
West Midlands,Warwickshire,Rugby,E07000220,2010,-2.934329877,1279.693755,134.4883109,39.80613507,235.4781113,441.1652106,96.06458133,59.96727013,2283.729045
West Midlands,Warwickshire,Rugby,E07000220,2011,-3.403871033,1321.366907,120.511101,34.79144627,207.8302961,433.447323,92.32687252,127.2061023,2334.076177
West Midlands,Warwickshire,Rugby,E07000220,2012,-3.015743824,1128.793579,131.3169435,38.06772209,223.7176623,434.7895482,94.17615491,76.29533234,2124.141199
West Midlands,Warwickshire,Rugby,E07000220,2013,-3.870992064,1165.284124,125.717118,37.50497988,217.1312663,440.7386999,91.87405047,83.61486227,2157.994109
West Midlands,Warwickshire,Rugby,E07000220,2014,-3.940064278,1240.095139,108.0113455,32.14316922,185.0808942,449.5643296,95.06991963,27.75231166,2133.777044
West Midlands,Warwickshire,Rugby,E07000220,2015,-4.575976498,1108.232533,90.15382726,29.65350954,182.7407838,461.7613762,89.25211882,36.2563924,1993.474564
West Midlands,Warwickshire,Rugby,E07000220,2016,-3.543018011,1225.04479,86.04335905,27.63739286,172.9576506,475.722905,83.82716691,42.24551058,2109.935757
West Midlands,Warwickshire,Rugby,E07000220,2017,-3.89720542,1129.808845,66.20153338,19.44563927,164.7967161,470.8050266,86.85711783,66.12576638,2000.143439
West Midlands,Warwickshire,Rugby,E07000220,2018,-4.15184438,1179.210867,41.79984491,30.35998024,163.876944,475.8593253,87.5034397,67.38853434,2041.847091
West Midlands,Warwickshire,Rugby,E07000220,2019,-4.617126759,1174.51373,31.71104725,22.71433009,157.6210085,464.5783306,85.83008336,55.8585292,1988.209932
West Midlands,Warwickshire,Rugby,E07000220,2020,-4.349859321,1139.731544,28.94778492,22.28797895,156.1970493,381.9799184,74.9284899,53.79574333,1853.518649
West Midlands,Warwickshire,Rugby,E07000220,2021,-4.303709608,1237.40173,36.82770962,23.6619142,161.7165501,429.7121655,77.42689129,64.01109838,2026.45435
West Midlands,Warwickshire,Stratford-on-Avon,E07000221,2005,-18.86551992,167.0528374,155.5279171,28.6535973,343.5446574,557.3287769,214.2251313,54.01269697,1501.480094
West Midlands,Warwickshire,Stratford-on-Avon,E07000221,2006,-18.36207764,163.6686295,168.725637,27.93531594,353.10055,558.644914,208.2721485,51.75033478,1513.735452
West Midlands,Warwickshire,Stratford-on-Avon,E07000221,2007,-21.43307337,157.0692549,159.6608079,26.64080804,340.2798125,568.6389421,204.4578448,106.0790171,1541.393414
West Midlands,Warwickshire,Stratford-on-Avon,E07000221,2008,-24.21192637,140.1680317,157.94319,24.50165137,336.9589434,542.37177,210.3490001,100.676726,1488.757386
West Midlands,Warwickshire,Stratford-on-Avon,E07000221,2009,-22.9477594,129.2239724,133.9092454,21.02225526,310.3551748,517.2527813,196.7601561,101.2563849,1386.832211
West Midlands,Warwickshire,Stratford-on-Avon,E07000221,2010,-23.24202287,146.0222291,140.657415,22.56353873,337.3766875,521.9639728,201.56245,89.99894659,1436.903217
West Midlands,Warwickshire,Stratford-on-Avon,E07000221,2011,-24.58519356,144.0060076,140.777848,21.72114738,292.5675198,518.0717166,202.1543103,58.22141876,1352.934775
West Midlands,Warwickshire,Stratford-on-Avon,E07000221,2012,-22.60037264,140.5786976,163.0342618,24.59297885,313.4225354,533.0438153,207.4004322,86.65421596,1446.126565
West Midlands,Warwickshire,Stratford-on-Avon,E07000221,2013,-24.86746837,141.8295632,152.6724369,23.6107116,303.143404,534.1105183,198.7736441,85.36386776,1414.636678
West Midlands,Warwickshire,Stratford-on-Avon,E07000221,2014,-24.39220284,151.2765071,135.3052173,21.59875412,259.8255445,532.0367238,205.0074098,150.9693246,1431.627278
West Midlands,Warwickshire,Stratford-on-Avon,E07000221,2015,-26.72816261,148.1640463,117.7030284,17.97417851,249.6192364,554.5352928,204.4549661,56.87270215,1322.595288
West Midlands,Warwickshire,Stratford-on-Avon,E07000221,2016,-23.07630213,143.9357696,102.489469,14.03562974,237.9788134,577.3499394,194.6560382,77.10415519,1324.473512
West Midlands,Warwickshire,Stratford-on-Avon,E07000221,2017,-24.39599366,152.7772519,83.0714511,18.25842589,225.0828967,582.0040049,195.3712886,84.8683895,1317.037715
West Midlands,Warwickshire,Stratford-on-Avon,E07000221,2018,-24.37687994,219.4680723,50.52174225,25.60433904,223.1072105,573.9240466,199.585875,46.25330954,1314.087715
West Midlands,Warwickshire,Stratford-on-Avon,E07000221,2019,-25.36838295,167.8599828,40.07061148,25.73316708,213.9919367,560.2856712,201.1705325,39.60512175,1223.34864
West Midlands,Warwickshire,Stratford-on-Avon,E07000221,2020,-24.95005614,152.4026417,31.89089095,22.36162709,211.553475,432.311232,180.5388655,36.83038277,1042.939059
West Midlands,Warwickshire,Stratford-on-Avon,E07000221,2021,-24.69655536,139.8642433,39.54007389,20.95730672,220.5019849,492.9527189,188.6263352,42.3938203,1120.139928
West Midlands,Warwickshire,Warwick,E07000222,2005,-3.067508147,139.4587337,237.0221926,52.34648705,347.6919676,503.3933715,48.82578839,66.04956185,1391.720595
West Midlands,Warwickshire,Warwick,E07000222,2006,-3.290893914,139.6610913,245.8856374,50.99215602,348.5260665,508.0206203,47.88955795,63.15975477,1400.84399
West Midlands,Warwickshire,Warwick,E07000222,2007,-4.195436569,130.2500509,216.3190012,44.27698636,336.2855411,515.2982907,46.32701709,124.5694206,1409.130871
West Midlands,Warwickshire,Warwick,E07000222,2008,-5.085957465,117.7017755,208.9371293,41.98673205,334.7887144,501.3305663,45.96622505,117.143178,1362.768363
West Midlands,Warwickshire,Warwick,E07000222,2009,-5.137472774,103.2906843,179.7681416,36.42316619,302.8362414,484.2006089,42.75728317,129.7289448,1273.867598
West Midlands,Warwickshire,Warwick,E07000222,2010,-5.334352397,109.5799195,190.5165402,39.65115517,324.6888689,478.4798167,44.38443406,95.62353252,1277.589915
West Midlands,Warwickshire,Warwick,E07000222,2011,-6.178594657,98.67659888,169.3194614,34.62415465,285.5421955,481.7301716,43.58711052,65.93628377,1173.237382
West Midlands,Warwickshire,Warwick,E07000222,2012,-5.830351588,100.3838378,175.0470852,36.62019256,308.2582349,501.6699972,45.16277021,54.74919443,1216.060961
West Midlands,Warwickshire,Warwick,E07000222,2013,-6.286591093,95.4722831,167.7893749,36.09828482,297.1165099,490.1006841,41.99775845,54.71392726,1177.002231
West Midlands,Warwickshire,Warwick,E07000222,2014,-6.279741231,87.20596819,139.1329944,30.1149651,253.2439891,488.4370689,44.50082193,34.88974013,1071.245807
West Midlands,Warwickshire,Warwick,E07000222,2015,-7.131925619,86.15324138,127.1627788,30.46706168,247.6165209,519.7672164,44.9212237,48.66986313,1097.62598
West Midlands,Warwickshire,Warwick,E07000222,2016,-6.088653239,75.18897632,107.5804298,26.59309474,234.9033689,533.1109688,43.72895481,50.80999503,1065.827135
West Midlands,Warwickshire,Warwick,E07000222,2017,-6.371447662,78.76937605,82.26170781,32.05521139,222.9885749,529.4512951,45.46318295,48.40037178,1033.018272
West Midlands,Warwickshire,Warwick,E07000222,2018,-6.272684751,87.29682139,56.53441471,37.5791639,218.9822551,525.6752175,44.77892562,45.51377249,1010.087886
West Midlands,Warwickshire,Warwick,E07000222,2019,-6.60990486,82.22745553,46.13945153,34.02752303,209.7512033,511.647484,45.23682299,42.10615507,964.5261905
West Midlands,Warwickshire,Warwick,E07000222,2020,-6.372848226,73.81462847,36.60222281,30.19993117,207.5984691,379.3479582,39.28960174,37.27234368,797.7523069
West Midlands,Warwickshire,Warwick,E07000222,2021,-6.266208887,87.36780169,43.15482462,33.28746658,214.8500001,429.2417269,47.27253832,43.2174582,892.1256076
West Midlands,Wolverhampton,Wolverhampton,E08000031,2005,5.165610616,344.8793696,255.5223365,117.813871,582.532607,351.9621767,3.24709751,16.05603427,1677.179103
West Midlands,Wolverhampton,Wolverhampton,E08000031,2006,5.074343748,329.0036669,247.4309728,99.89093806,587.051941,339.3781064,4.304677726,17.56618478,1629.700831
West Midlands,Wolverhampton,Wolverhampton,E08000031,2007,4.917072822,314.8354189,232.4527908,90.77432521,565.4145356,337.6100306,3.587714018,37.84556958,1587.437458
West Midlands,Wolverhampton,Wolverhampton,E08000031,2008,4.708522915,288.0221571,224.3119568,84.94164542,562.4668605,325.6175319,3.743579,42.77027309,1536.582527
West Midlands,Wolverhampton,Wolverhampton,E08000031,2009,4.556209396,249.119067,191.0422123,74.46441703,506.8033605,315.5232986,3.022571251,53.682751,1398.213887
West Midlands,Wolverhampton,Wolverhampton,E08000031,2010,4.429689328,264.7718347,199.8668724,79.90200241,541.9350653,308.2306746,2.911554825,91.43858993,1493.486284
West Midlands,Wolverhampton,Wolverhampton,E08000031,2011,4.132803643,255.5017385,196.7506348,75.34072746,477.0721926,304.7412008,2.817993859,53.94924491,1370.306537
West Midlands,Wolverhampton,Wolverhampton,E08000031,2012,4.099048111,255.1815802,198.0240771,76.57424114,509.9492308,300.0480427,2.886440351,55.31950338,1402.082164
West Midlands,Wolverhampton,Wolverhampton,E08000031,2013,3.943345868,244.8000274,190.033123,76.81662724,494.3054406,295.9712364,2.504592353,59.34000285,1367.714396
West Midlands,Wolverhampton,Wolverhampton,E08000031,2014,3.738097534,218.6971696,158.670278,65.96659404,419.3787697,299.6950346,2.617421831,63.42668182,1232.190047
West Midlands,Wolverhampton,Wolverhampton,E08000031,2015,3.611093498,208.5569083,141.5178154,65.0703088,409.8277278,301.6623378,2.783869566,63.49472252,1196.524784
West Midlands,Wolverhampton,Wolverhampton,E08000031,2016,3.532546751,176.1992889,127.9484972,56.94103797,388.1205475,300.55335,2.708595034,79.85917222,1135.863036
West Midlands,Wolverhampton,Wolverhampton,E08000031,2017,3.451527117,179.0884345,97.55005677,62.90807636,369.282606,296.8144176,2.654389938,78.45039185,1090.1999
West Midlands,Wolverhampton,Wolverhampton,E08000031,2018,3.614946373,202.8350241,60.74797807,72.04170562,360.7301966,289.2376878,2.732134512,68.61332854,1060.553002
West Midlands,Wolverhampton,Wolverhampton,E08000031,2019,3.537291218,166.8821963,55.44791913,65.45621782,351.3512033,280.2563393,2.972034253,63.53861107,989.4418125
West Midlands,Wolverhampton,Wolverhampton,E08000031,2020,3.638757052,163.007064,53.91175434,58.98120081,344.6052002,231.0271463,2.711649648,59.48700412,917.3697764
West Midlands,Wolverhampton,Wolverhampton,E08000031,2021,3.599861341,184.5481099,62.80858227,66.4465575,358.442608,245.6105407,3.207643805,61.3266862,985.9905897
West Midlands,Worcestershire,Bromsgrove,E07000234,2005,-12.68273907,47.74723026,62.92804134,27.23680151,251.7718722,503.8189462,66.11311855,9.709020307,956.6422913
West Midlands,Worcestershire,Bromsgrove,E07000234,2006,-13.10691928,50.42999177,71.07626818,27.49905594,255.2265134,501.7881316,63.35046698,9.763589525,966.027098
West Midlands,Worcestershire,Bromsgrove,E07000234,2007,-13.30913568,49.33604174,67.58392464,25.35614452,246.921368,502.2961437,61.17464563,74.96685931,1014.325992
West Midlands,Worcestershire,Bromsgrove,E07000234,2008,-14.29367335,47.58977239,69.10678348,25.30802044,246.0250274,485.2259419,59.03416004,48.51242497,966.5084573
West Midlands,Worcestershire,Bromsgrove,E07000234,2009,-14.47413468,40.67671342,57.6612756,20.24262807,222.8308436,474.3183458,57.0178541,56.9659022,915.2394281
West Midlands,Worcestershire,Bromsgrove,E07000234,2010,-14.54917177,45.39477381,60.92318044,22.27352529,237.9210251,472.40377,56.0244505,62.65170057,943.043254
West Midlands,Worcestershire,Bromsgrove,E07000234,2011,-14.82969585,41.09104983,55.75133086,19.55670779,209.3064187,450.5394645,53.90757349,50.55279107,865.8756404
West Midlands,Worcestershire,Bromsgrove,E07000234,2012,-14.58834408,42.82136996,59.76426128,20.93417647,224.9250996,446.2368007,53.38354902,51.96240475,885.4393176
West Midlands,Worcestershire,Bromsgrove,E07000234,2013,-15.21616144,42.95257378,57.74048849,21.8116126,219.9540292,449.4383023,53.59043892,45.68632886,875.9576126
West Midlands,Worcestershire,Bromsgrove,E07000234,2014,-15.06520954,42.01424137,50.71592744,18.84771469,187.1482134,457.0791567,54.64692109,52.53026087,847.9172259
West Midlands,Worcestershire,Bromsgrove,E07000234,2015,-15.40681073,38.71585762,46.87126699,17.1483855,182.8308514,466.504518,54.38430417,48.30977596,839.3581489
West Midlands,Worcestershire,Bromsgrove,E07000234,2016,-14.72124923,35.76808927,40.85661281,14.7998614,174.5719215,472.255956,53.84100007,50.64711871,828.0193105
West Midlands,Worcestershire,Bromsgrove,E07000234,2017,-15.30351427,35.58443762,34.17134718,16.67407105,165.9024751,469.2908931,53.45383518,39.56026121,799.3338061
West Midlands,Worcestershire,Bromsgrove,E07000234,2018,-14.96472904,40.5971523,19.37041409,21.88963998,162.3995573,447.8716518,52.07358573,36.33370325,765.5709754
West Midlands,Worcestershire,Bromsgrove,E07000234,2019,-15.31549954,39.55170966,17.36905188,19.09663592,157.2690378,449.832292,52.41945432,36.05042211,756.2731041
West Midlands,Worcestershire,Bromsgrove,E07000234,2020,-15.38069212,34.57703743,13.81646581,17.34849305,154.2499067,364.6876139,49.86839985,35.97263975,655.1398644
West Midlands,Worcestershire,Bromsgrove,E07000234,2021,-15.36180506,37.20812736,15.56219102,20.10896339,158.0311721,411.6740319,47.75513688,36.78243882,711.7602564
West Midlands,Worcestershire,Malvern Hills,E07000235,2005,-33.27556493,55.2568664,35.54964205,17.71353896,212.9717079,311.7044974,163.73987,9.112601153,772.773159
West Midlands,Worcestershire,Malvern Hills,E07000235,2006,-33.71569991,63.35339529,49.24399048,19.26606857,213.9202483,322.171336,156.0151416,9.36674924,799.6212295
West Midlands,Worcestershire,Malvern Hills,E07000235,2007,-35.62809126,63.02997773,48.74045463,18.828726,205.0356425,329.5386602,157.2248974,61.67231557,848.4425828
West Midlands,Worcestershire,Malvern Hills,E07000235,2008,-38.08101739,58.06028519,47.67008946,16.92296478,205.4063879,310.7697883,156.3679426,40.28112769,797.3975686
West Midlands,Worcestershire,Malvern Hills,E07000235,2009,-37.74933239,51.15886727,39.20451494,14.65179652,189.4295524,304.4180846,149.7715666,47.05341215,757.9384621
West Midlands,Worcestershire,Malvern Hills,E07000235,2010,-38.14143425,60.2474878,40.371559,15.55418792,204.6824522,298.5786657,149.2628136,52.08927573,782.6450076
West Midlands,Worcestershire,Malvern Hills,E07000235,2011,-39.23343989,53.08222225,38.3282945,13.92809722,175.0996995,295.6707998,144.7374378,41.67202797,723.2851392
West Midlands,Worcestershire,Malvern Hills,E07000235,2012,-38.34818867,53.24308217,39.52471884,14.03069727,187.5542175,280.9572077,145.8761647,43.25647886,726.0943784
West Midlands,Worcestershire,Malvern Hills,E07000235,2013,-40.14919788,57.79465078,39.66002918,14.12827558,181.8937552,283.4295195,141.9560043,39.20923538,717.9222721
West Midlands,Worcestershire,Malvern Hills,E07000235,2014,-39.84127106,58.19405478,33.78990237,12.32875383,155.1031756,290.9020265,141.718074,43.45968763,695.6544037
West Midlands,Worcestershire,Malvern Hills,E07000235,2015,-41.6392585,52.39045573,32.12935836,11.87165301,148.4451981,302.7932315,142.9110609,39.67923906,688.5809382
West Midlands,Worcestershire,Malvern Hills,E07000235,2016,-39.57692778,49.20558785,25.37880182,9.512440352,140.888427,312.9517066,138.1874929,40.27475013,676.8222789
West Midlands,Worcestershire,Malvern Hills,E07000235,2017,-40.77619663,49.09366722,21.67738361,9.762131657,132.3079198,307.0863152,142.1974445,34.23943401,655.5880993
West Midlands,Worcestershire,Malvern Hills,E07000235,2018,-40.89058016,52.52803574,11.36084964,12.79099795,131.3550426,300.3682704,142.9553968,31.63035707,642.09837
West Midlands,Worcestershire,Malvern Hills,E07000235,2019,-41.95078169,48.28579901,9.63736649,11.58023761,126.0622323,292.2730291,142.5318353,31.17036728,619.5900855
West Midlands,Worcestershire,Malvern Hills,E07000235,2020,-41.98694349,47.31156592,7.478906992,10.5228735,123.6708482,227.8702725,132.3732858,31.1935014,538.4343108
West Midlands,Worcestershire,Malvern Hills,E07000235,2021,-41.84606397,52.07861342,8.893912271,12.09553712,127.4646843,269.6363558,140.4498831,32.67145611,601.4443782
West Midlands,Worcestershire,Redditch,E07000236,2005,-1.400899953,158.4621919,71.88668459,23.82139209,190.1745457,108.2839785,13.19380262,21.48454946,585.9062448
West Midlands,Worcestershire,Redditch,E07000236,2006,-1.396697146,163.969097,74.5498111,23.01890263,193.24737,106.5808024,11.81818187,19.76135435,591.5488221
West Midlands,Worcestershire,Redditch,E07000236,2007,-1.476716454,157.0130399,69.31804879,21.35664061,186.53086,108.78624,13.08204702,78.08751397,632.6976739
West Midlands,Worcestershire,Redditch,E07000236,2008,-1.669202927,147.3958596,69.76520886,20.25636643,185.3733357,105.0805628,12.94532315,54.77346478,593.9209184
West Midlands,Worcestershire,Redditch,E07000236,2009,-1.734855332,121.3852493,54.48493144,16.50252376,167.3554971,101.9320343,11.55021268,62.21398913,533.6895824
West Midlands,Worcestershire,Redditch,E07000236,2010,-1.807773305,135.1577366,57.98471372,17.94869266,178.1460517,100.0482715,12.15652254,77.91976552,577.5539809
West Midlands,Worcestershire,Redditch,E07000236,2011,-1.961565675,121.3206605,54.03521697,16.37028382,157.1880897,98.11528714,11.98787729,65.66862743,522.7244772
West Midlands,Worcestershire,Redditch,E07000236,2012,-1.966174799,121.9663334,57.39525673,17.46660789,167.4466612,93.42710466,11.66233988,60.88404379,528.2821727
West Midlands,Worcestershire,Redditch,E07000236,2013,-2.168480221,116.6565744,53.30400177,16.8022646,163.2104789,89.90945767,11.14875651,51.62640823,500.4894619
West Midlands,Worcestershire,Redditch,E07000236,2014,-2.191134066,108.2218749,45.45916962,14.32765975,138.5128739,91.29694514,11.03166354,61.40026044,468.0593132
West Midlands,Worcestershire,Redditch,E07000236,2015,-2.328242015,99.34883551,40.64739795,12.49719262,134.9807456,91.95042031,10.60139412,56.46809619,444.1658403
West Midlands,Worcestershire,Redditch,E07000236,2016,-2.164741787,91.58521119,34.73213428,10.67341493,127.052174,93.55818012,10.21093041,55.35340922,421.0007124
West Midlands,Worcestershire,Redditch,E07000236,2017,-2.260373862,91.70993503,25.52983106,11.90798318,120.5203062,98.39638893,10.65417983,50.17215954,406.63041
West Midlands,Worcestershire,Redditch,E07000236,2018,-2.140805077,100.0226233,17.18049253,10.96516236,117.9462128,97.42714615,10.27557095,43.15980033,394.8362033
West Midlands,Worcestershire,Redditch,E07000236,2019,-2.263885835,95.72199861,15.69037273,9.198290694,113.6873636,93.67310166,10.70893995,47.21831435,383.6344958
West Midlands,Worcestershire,Redditch,E07000236,2020,-2.347062524,78.57424022,12.60052792,8.393864818,110.6719601,70.41399689,9.796878103,44.57621036,332.6806158
West Midlands,Worcestershire,Redditch,E07000236,2021,-2.367478634,91.68151599,14.0463598,9.13912643,113.4656009,77.50103229,9.501401198,44.82022652,357.7877845
West Midlands,Worcestershire,Worcester,E07000237,2005,2.367231065,111.780174,109.0200672,59.0322966,221.5674482,123.5357362,5.455298942,10.78414693,643.5423991
West Midlands,Worcestershire,Worcester,E07000237,2006,2.222913071,103.7249669,99.1439331,52.42049981,220.852571,121.3458291,5.625648281,11.13761091,616.4739722
West Midlands,Worcestershire,Worcester,E07000237,2007,2.046967983,98.47692103,91.29864727,47.9804119,213.5181333,121.7308395,4.212277534,78.46279244,657.726991
West Midlands,Worcestershire,Worcester,E07000237,2008,2.002069959,88.75452808,84.23723097,45.1696359,213.1732943,118.3738034,5.155712049,51.30055374,608.1668284
West Midlands,Worcestershire,Worcester,E07000237,2009,1.932223252,79.48398467,76.82754286,41.24538197,192.3744523,115.6132928,3.963034246,61.03619214,572.4761043
West Midlands,Worcestershire,Worcester,E07000237,2010,1.87337277,84.399696,80.07613548,44.68706579,207.2354922,114.4794196,3.379006661,65.12310724,601.2532957
West Midlands,Worcestershire,Worcester,E07000237,2011,1.703688058,82.16492645,80.91242889,43.3871178,180.0432755,112.2198883,3.283365053,53.2964492,557.0111392
West Midlands,Worcestershire,Worcester,E07000237,2012,1.575603728,83.78429158,82.50553276,44.33360607,194.2603851,109.4983305,4.001007437,55.43113821,575.3898954
West Midlands,Worcestershire,Worcester,E07000237,2013,1.535628828,79.57232994,78.87537922,43.03552223,187.7364523,106.6283174,4.611745401,49.44960649,551.4449819
West Midlands,Worcestershire,Worcester,E07000237,2014,1.50887725,69.85187715,65.93278833,35.91226842,159.6441346,107.8048979,4.49677393,51.32021914,496.4718366
West Midlands,Worcestershire,Worcester,E07000237,2015,1.416586159,65.17473656,57.92149021,33.05575547,153.8249924,109.537745,4.527424747,50.38474098,475.8434715
West Midlands,Worcestershire,Worcester,E07000237,2016,1.380611411,51.80226844,52.92418604,30.20939425,146.4050575,109.8007002,4.422032064,50.68441671,447.6286667
West Midlands,Worcestershire,Worcester,E07000237,2017,1.329462037,57.62485496,37.87842401,31.83158691,138.1111522,107.6063812,4.08303592,42.29820618,420.7631034
West Midlands,Worcestershire,Worcester,E07000237,2018,1.34117956,61.41392472,26.957173,33.963094,134.4283143,105.9201553,4.400186067,38.36235718,406.7863841
West Midlands,Worcestershire,Worcester,E07000237,2019,1.367233875,50.72153068,23.45648002,32.383691,128.3534924,102.9659917,4.357490152,37.6247836,381.2306935
West Midlands,Worcestershire,Worcester,E07000237,2020,1.435590366,46.98575806,18.86280639,28.26219157,125.8010998,82.79724543,4.258146898,36.48548625,344.8883247
West Midlands,Worcestershire,Worcester,E07000237,2021,1.439780262,60.07831092,20.03143015,30.33116282,129.4725025,91.88217454,3.738901098,39.01942385,375.9936862
West Midlands,Worcestershire,Wychavon,E07000238,2005,-10.66783689,258.9663331,123.120374,37.62065298,310.203227,554.4565512,159.4501236,14.36912627,1447.518551
West Midlands,Worcestershire,Wychavon,E07000238,2006,-10.47475001,273.2366797,150.4478357,41.25421328,314.2333809,559.822459,161.019288,14.99348087,1504.532587
West Midlands,Worcestershire,Wychavon,E07000238,2007,-13.14117019,261.0387772,136.2016662,37.44468875,304.2521255,562.3779121,156.9464129,97.02038833,1542.140801
West Midlands,Worcestershire,Wychavon,E07000238,2008,-15.29859841,242.3011931,141.1101919,36.76925715,302.8816857,540.3412427,156.6748328,62.99895583,1467.778761
West Midlands,Worcestershire,Wychavon,E07000238,2009,-15.35508505,198.3308408,122.5240037,31.99122066,276.5567832,532.4428684,146.5310032,74.38369358,1367.405328
West Midlands,Worcestershire,Wychavon,E07000238,2010,-15.26141741,225.4003752,126.4571505,33.48398127,299.5173032,528.5051693,145.5926106,82.0067938,1425.701966
West Midlands,Worcestershire,Wychavon,E07000238,2011,-16.72422387,190.6901743,109.9200394,29.27857224,258.9281479,518.6177889,141.7490125,68.32341088,1300.782922
West Midlands,Worcestershire,Wychavon,E07000238,2012,-15.91711981,193.9396693,116.3333328,30.08858296,277.4581439,494.1937828,143.9843497,69.56831067,1309.649052
West Midlands,Worcestershire,Wychavon,E07000238,2013,-17.29432347,204.2817873,112.3653508,29.9700708,269.4851014,509.0124466,139.0048117,64.28118645,1311.106432
West Midlands,Worcestershire,Wychavon,E07000238,2014,-17.06620671,191.3304291,98.04183916,26.12973736,231.4525933,520.8524928,141.9794438,67.79371478,1260.514044
West Midlands,Worcestershire,Wychavon,E07000238,2015,-18.86660659,186.0459179,90.35286434,23.56687015,223.067279,536.7842583,142.5104384,65.2546637,1248.715685
West Midlands,Worcestershire,Wychavon,E07000238,2016,-16.40757897,173.7962338,81.21835548,19.77993784,214.3076,555.2707859,140.1215938,64.88583238,1232.97276
West Midlands,Worcestershire,Wychavon,E07000238,2017,-17.44618315,191.0797476,55.0021234,25.34385739,202.2552746,549.6949414,143.3566042,56.64580306,1205.932168
West Midlands,Worcestershire,Wychavon,E07000238,2018,-17.45545964,203.3235892,38.35085492,20.50305632,199.6284229,534.7690184,163.2574934,53.83125896,1196.208234
West Midlands,Worcestershire,Wychavon,E07000238,2019,-18.11607584,180.9821555,32.98609252,31.15854007,192.2448047,531.4646346,141.3853864,53.47566611,1145.581204
West Midlands,Worcestershire,Wychavon,E07000238,2020,-17.62414036,167.5391298,20.40941227,39.08685507,188.1742812,428.9774477,133.468342,53.89664429,1013.927972
West Midlands,Worcestershire,Wychavon,E07000238,2021,-17.42463871,213.1368031,23.05264012,45.13719715,194.4068936,491.1576657,141.5827455,56.99681964,1148.046126
West Midlands,Worcestershire,Wyre Forest,E07000239,2005,-21.67666653,121.1275932,92.44955839,33.57848799,247.764913,173.4187925,40.24851812,10.76742771,697.6786244
West Midlands,Worcestershire,Wyre Forest,E07000239,2006,-22.15740881,120.7858785,95.411166,32.54080021,249.3180009,171.4344355,41.42161361,10.99291746,699.7474033
West Midlands,Worcestershire,Wyre Forest,E07000239,2007,-22.46908449,116.3901371,92.839402,31.40213242,240.4676835,173.4922146,38.31673408,80.02511431,750.4643335
West Midlands,Worcestershire,Wyre Forest,E07000239,2008,-23.32528158,106.6885928,83.84543356,27.02690255,239.5274185,168.9302704,37.69156398,51.84826674,692.2331669
West Midlands,Worcestershire,Wyre Forest,E07000239,2009,-23.23550352,89.30521752,62.70336276,21.89929931,216.7109117,164.8488368,36.26547943,60.1736881,628.671292
West Midlands,Worcestershire,Wyre Forest,E07000239,2010,-23.44117469,99.9636886,66.47586304,23.72049572,233.032422,163.5484867,36.16384372,64.82818408,664.2918091
West Midlands,Worcestershire,Wyre Forest,E07000239,2011,-23.70388442,98.52558967,70.02813511,23.13836334,201.6945199,159.1531378,35.5253165,52.30396953,616.6651474
West Midlands,Worcestershire,Wyre Forest,E07000239,2012,-22.89175023,100.1135933,70.45285901,23.68793344,215.7490979,153.653069,35.91912521,53.98463971,630.6685674
West Midlands,Worcestershire,Wyre Forest,E07000239,2013,-23.76319831,101.8992737,67.65216421,23.1429796,209.3917743,152.0006328,34.48977674,48.05538552,612.8687885
West Midlands,Worcestershire,Wyre Forest,E07000239,2014,-23.48950968,95.55197827,58.37601204,20.83774964,178.7799985,154.0148884,34.87523393,51.40107621,570.3474273
West Midlands,Worcestershire,Wyre Forest,E07000239,2015,-23.69222338,85.06768647,51.34132668,18.47094608,172.7565645,156.4617591,34.49372986,48.75092247,543.6507118
West Midlands,Worcestershire,Wyre Forest,E07000239,2016,-22.3369563,79.71170457,44.98624491,16.82368202,163.4372781,158.1968118,33.35592651,48.80812031,522.9828119
West Midlands,Worcestershire,Wyre Forest,E07000239,2017,-22.99366017,81.57879548,39.20497325,18.44841033,154.1127301,155.0815654,33.12598421,40.83158393,499.3903825
West Midlands,Worcestershire,Wyre Forest,E07000239,2018,-22.67764685,99.82281957,23.78347402,18.02569522,149.7654602,151.4535395,32.34387186,37.19314049,489.710354
West Midlands,Worcestershire,Wyre Forest,E07000239,2019,-22.82396764,84.76725454,22.49254565,15.1061179,144.2416078,146.8969726,31.77233913,36.45693407,458.9098041
West Midlands,Worcestershire,Wyre Forest,E07000239,2020,-23.15093146,75.30288455,16.06733077,14.06178623,141.0959087,118.8714675,30.18912903,36.12203437,408.5596097
West Midlands,Worcestershire,Wyre Forest,E07000239,2021,-22.9564716,80.86699699,17.88804877,14.58203002,144.1394872,133.5763009,30.60562757,37.83921094,436.5412309
